filename,cluster_id,image_role,category,themes,suggested_title,description,confidence
574401405_844112901927110_3578228108610173548_n.jpg,P001,main,framed,trees,Apple Tree,"A vibrant quilled apple tree in a white shadow-box frame. The lush canopy is built from layered paper coils in varied greens, scattered with red accents that read as fruit. A richly textured dark brown trunk anchors the piece against a clean white background.",high
572366630_844112991927101_6791246251257769864_n.jpg,P001,angle,framed,trees,,,high
573870620_844112951927105_8247857202556119457_n.jpg,P001,angle,framed,trees,,,high
576856679_845256748479392_6515464683355803108_n.jpg,P002,main,homewares,patterns,Rainbow Quilled Bowl,"A decorative hand-rolled paper bowl in a full rainbow palette. The interior features a concentric rainbow disc at the base, surrounded by densely packed pastel coils of varying sizes. A joyful, sculptural piece.",high
573613223_845256885146045_3199169297507079303_n.jpg,P002,angle,homewares,patterns,,,high
577058459_845256698479397_107873805763907173_n.jpg,P002,angle,homewares,patterns,,,high
649163898_947980478207018_6118840036415227444_n.jpg,P003,main,clocks,patterns,Ocean Blue Clock,A circular wall clock with a quilled paper face in shades of blue and teal. The centre features a concentric spiral motif radiating outward into a ring of varied paper coils. Clean white hands.,high
649655506_947980728206993_2587345452890937586_n.jpg,P003,angle,clocks,patterns,,,high
649163738_947980844873648_6341002217181842510_n.jpg,P003,angle,clocks,patterns,,,low
650730409_950439067961159_3181145627542516236_n.jpg,P004,main,clocks,patterns,Earth Tones Clock,"A wall clock with a quilled paper face in warm earth tones - chocolate browns, soft creams, gold and black. The central spiral radiates outward through a ring of varied paper coils. Slim brass hands.",high
650295936_950439094627823_7683535244645234628_n.jpg,P004,angle,clocks,patterns,,,high
702190552_1006052452399820_275839004415883312_n.jpg,P005,main,clocks,"nursery,patterns",Rainbow Pencil Clock,"A playful children's wall clock with a quilled rainbow spiral face surrounded by colourful paper coils. The hour and minute hand are a coloured pencil and a small flower is the second hand. A bright, joyful design for a child's room or playroom.",high
571217164_839006289104438_4343864981302211493_n.jpg,P006,main,framed,birds,Superb Fairywren on Branch,"A male Superb Fairywren beautifully rendered in quilled paper, perched on a textured brown branch with green foliage. The bird's distinctive electric blue cap and cheek patches contrast with deep navy on the back and breast, while warm tan and cream tones detail the wing and underside. The long blue tail rises elegantly above the body. Presented in a clean white shadow-box frame.",high
571809438_839006249104442_1348904527047157445_n.jpg,P006,angle,framed,birds,,,high
573562170_839006205771113_4026188228972269984_n.jpg,P006,angle,framed,birds,,,high
559945186_826504067021327_7038662659427496024_n.jpg,P007,main,framed,birds,Three Wrens Triptych,"A triple-aperture white frame presenting three quilled Australian birds side by side: a Superb Fairywren in blue and chestnut, a Red-browed Finch with its distinctive red beak and eye-ring, and a Red-backed Fairywren in black with a vivid scarlet shoulder band. A study in native Australian songbirds.",high
560528302_826504120354655_7492226433939816210_n.jpg,P007,angle,framed,birds,,,high
561586969_826504143687986_1734988245679217123_n.jpg,P008,?drop,framed,birds,,"Studio shot of three loose unframed bird figures (Red-backed Fairywren, Superb Fairywren, Red-browed Finch) held in hand. Useful as 'maker process' content but doesn't correspond to a specific saleable product. Recommend dropping unless reused as a generic 'about my work' image.",medium
565625314_831990079806059_7624585327275259186_n.jpg,P009,main,framed,"birds,flowers",Pair of Fairywrens on Flowering Branch,A male Superb Fairywren and a female fairywren perched together on a flowering branch with delicate pink blossoms and green leaves. The male displays bold blue and chestnut plumage; the female is rendered in soft browns and creams with a coral beak and eye-ring. Presented in a deep white shadow-box frame.,high
565691188_831990236472710_3325965634728255065_n.jpg,P009,angle,framed,"birds,flowers",,,high
565706779_831990179806049_4791473815372955208_n.jpg,P009,angle,framed,"birds,flowers",,,high
537136205_782373744767693_988450180862035609_n.jpg,P010,main,framed,"birds,flowers",Red-backed Fairywren and Finch on Wattle,"A pair of Australian songbirds perched on a wattle branch: a male Red-backed Fairywren in black with a vibrant red shoulder band, and a Red-browed Finch with its distinctive red beak. The branch bursts with yellow wattle blossoms and green foliage. A celebration of native Australian flora and fauna in white shadow-box frame.",high
537211615_782373704767697_8723119560242286973_n.jpg,P010,angle,framed,"birds,flowers",,,high
487506917_660328426972226_9027904216801189779_n.jpg,P011,main,framed,"birds,australiana",Yellow-tailed Black Cockatoo,"A striking Yellow-tailed Black Cockatoo rendered in quilled paper, perched on a branch with deep green foliage. The bird's distinctive yellow cheek patch and intricately scalloped black-and-yellow plumage are beautifully detailed. The long banded tail trails dramatically below. Presented in a clean white shadow-box frame.",high
487355795_660328400305562_6716838854772958415_n.jpg,P011,angle,framed,"birds,australiana",,,high
487383098_660336736971395_6625864546172222463_n.jpg,P012,main,framed,"birds,australiana",Yellow-tailed Black Cockatoo (Pale),"A Yellow-tailed Black Cockatoo with softer grey-toned plumage and golden detailing, perched on a branch with paired green leaves. The yellow cheek patch and banded yellow tail remain prominent. A more muted variation of the cockatoo design, presented in a light oak frame with white matting.",high
487454238_660341026970966_1746331820781232494_n.jpg,P012,angle,framed,"birds,australiana",,,high
487382036_662630726741996_7985651347179161337_n.jpg,P013,main,framed,nursery,"Boho Rainbow, Sun and Clouds Triptych","A soft pastel nursery triptych in a single wide frame: an earth-toned rainbow on the left, a peachy sun with multicolour rays in the centre, and a peach cloud raining tiny multicolour hearts on the right. Warm, muted palette perfect for a modern nursery or child's room.",high
488223353_662630960075306_7898016995059649860_n.jpg,P013,angle,framed,nursery,,,high
487489494_660385536966515_6022344959532709430_n.jpg,P014,main,framed,"insects,australiana",Blue Banded Bee,"A scientifically-styled framed quilled paper rendering of the Australian native Blue Banded Bee (Amegilla cingulata), featuring detailed gold-bronze body work, translucent layered wings, and the species' distinctive electric blue abdominal stripes. Includes a scientific name plaque. A natural history specimen aesthetic in a deep black shadow-box frame.",high
487388945_660385570299845_9070617275818135001_n.jpg,P014,angle,framed,"insects,australiana",,,high
487307972_660385730299829_57011962994083252_n.jpg,P014,angle,framed,"insects,australiana",,,high
487734024_659829317022137_8030239463830447453_n.jpg,P015,main,framed,animals,Minimalist Kitten Pair,"A pair of black-and-white quilled cat portraits in matching black frames. Each shows a different kitten pose in a clean single-line silhouette style - one calm and seated, one playful with raised paw. Sold as a pair; perfect as a hallway grouping or for a cat-loving home.",high
487731648_660378303633905_8246154734174815799_n.jpg,P016,main,framed,patterns,Rainbow Heart (Two Sizes Available),"A heart-shaped composition built entirely from tightly rolled pastel paper coils in a full rainbow spectrum. Shown here in two size options - a large square frame and a smaller version. A vibrant, joyful piece suitable as a feature wall artwork or a gift. See also P117 (Rainbow Hearts in a Heart) for a variant using dimensional quilled hearts instead of rolled coils.",high
487761120_660378306967238_2993293726567504586_n.jpg,P016,angle,framed,patterns,,,high
487512518_660378186967250_5115891149321948442_n.jpg,P016,angle,framed,patterns,,,medium
487322585_660388410299561_1072532538729128618_n.jpg,P017,main,framed,insects,Praying Mantis,A vibrant green praying mantis rendered in quilled paper with delicate striped detailing in green and warm brown. The classic raised-forelegs pose is captured precisely. Presented in a deep black shadow-box frame for a natural history specimen feel.,high
495337502_10236084560830000_3836875900741279643_n.jpg,P018,?drop,framed,"animals,flowers","Studio Composite (Cat, Love Card, Sunflower)","Studio photograph showing three separate products side by side: a black filigree-style sitting cat in a light oak frame, a handmade 'Love' greeting card with a quilled balloon-and-bear motif, and a quilled sunflower in a white shadow-box frame. These are three distinct products that need their own individual product photos before being catalogued.",medium
468553542_566616623010074_7477544737261507112_n.jpg,P019,main,cards,patterns,Filigree Heart Valentine's Card,A handmade Valentine's card featuring a quilled red heart with intricate spiral filigree on one side and smooth layered loops on the other. Topped with a 'Happy Valentine's Day' label. Comes with a coordinating red envelope. Internal wording can be customised on request.,high
468627384_566616579676745_5254118497291871403_n.jpg,P019,angle,cards,patterns,,,high
468553884_566616593010077_3675399877026153519_n.jpg,P019,angle,cards,patterns,,,high
468850402_566616583010078_5224431271901482040_n.jpg,P019,angle,cards,patterns,,,high
468737127_566616586343411_5090829734432468688_n.jpg,P019,?drop,cards,patterns,,Inventory/component shot showing four loose mini quilled hearts beside a Valentine's title card. Likely a behind-the-scenes photo rather than a finished product. Recommend dropping unless reused as 'about my process' content.,medium
468808925_566616576343412_3502557644451016371_n.jpg,P020,main,cards,"flowers,patterns",Leaf Wreath Heart Card,"A handmade card featuring a heart-shaped wreath built from delicate red leaves and tiny white quilled accents. A more botanical, romantic take on the classic Valentine's heart. Topped with a 'Happy Valentine's Day' label. Comes with a coordinating envelope. Internal wording can be customised on request.",high
468625455_566616589676744_3714685263671645451_n.jpg,P020,angle,cards,"flowers,patterns",,,high
468553144_566616713010065_2652722592287787165_n.jpg,P021,main,cards,patterns,Swirl Heart Card,A handmade card featuring a quilled pink-and-white heart formed from elegant curved swirls meeting at a single point. Mounted on a deckle-edged white panel against a deep red background. Topped with a 'Happy Valentine's Day' label and coordinating envelope. Internal wording can be customised on request.,high
468703680_566616726343397_4228580544437722246_n.jpg,P021,angle,cards,patterns,,,high
468617554_566616829676720_564213782708837601_n.jpg,P022,main,cards,animals,Love Bear with Balloon Card,"A handmade card featuring a quilled teddy bear in pink and rose tones holding a small red heart-shaped balloon on a thin string. Topped with a 'Love' label. A sweet, gentle alternative to the classic heart cards - works for Valentine's, anniversaries, or 'just because'. Internal wording can be customised on request.",high
468577062_566616823010054_2028941905836260170_n.jpg,P022,angle,cards,animals,,,high
468827734_566616836343386_6024772732098666890_n.jpg,P022,angle,cards,animals,,,high
468507351_566616759676727_563071689375665118_n.jpg,P023,main,cards,patterns,Densely Packed Heart Card,A handmade card featuring a quilled heart densely filled with tightly rolled red and burgundy spirals - the most maximalist heart design in the collection. Topped with a 'Happy Valentine's Day' label and coordinating envelope. Internal wording can be customised on request.,high
468535867_566616813010055_5859703564042569963_n.jpg,P023,angle,cards,patterns,,,high
468614824_566616746343395_8072135002885689553_n.jpg,P023,angle,cards,patterns,,,high
471455609_588142917524111_5201425355961342529_n.jpg,P024,main,cards,flowers,Lavender Bouquet Get Well Card,"A handmade card featuring three sprigs of quilled purple lavender with green stems, gathered with a small twine bow. Shown here as a 'Get Well Soon' card, but the lavender motif works equally well for sympathy, thinking-of-you, or thank-you cards. Internal wording and labelled occasion can be customised on request.",high
471583004_588142784190791_3820757110301838068_n.jpg,P024,angle,cards,flowers,,,high
472141132_592920817046321_5266393240573016671_n.jpg,P025,main,cards,nursery,New Baby Card - Boy,"A handmade 'Congratulations, It's a boy' card featuring a pair of quilled baby footprints in soft blues with tiny rolled toes. Layered blue and white panels create a calm, considered nursery-themed design. Comes with a coordinating blue envelope. Pairs with the matching 'It's a girl' card.",high
472235383_592920780379658_98397325152924892_n.jpg,P026,main,cards,nursery,New Baby Card - Girl,"A handmade 'Congratulations, It's a girl' card featuring a pair of quilled baby footprints in soft pinks with tiny rolled toes. Layered pink and white panels create a calm, considered nursery-themed design. Comes with a coordinating pink envelope. Pairs with the matching 'It's a boy' card.",high
468647876_566616573010079_1618534764955452476_n.jpg,P027,main,framed,animals,Quilled Black Cat,"An elegant framed quilling of a sitting cat in profile, rendered entirely in black paper with intricate filigree scrollwork forming the body, tail and decorative interior detail. Mounted in a light oak shadow-box frame against a clean white background - a striking, contemporary piece equally at home in a modern hallway or a quiet reading nook.",high
468831716_566616843010052_5101971310214269695_n.jpg,P028,main,framed,flowers,Framed Sunflower,"A single quilled sunflower with layered yellow and orange petals, a dense dark-brown spiral centre, and swirling green leaves and tendrils filling the surrounding space. Mounted in a white shadow-box frame. A cheerful, warm piece suited to kitchens, dining rooms or bright living spaces.",high
472337659_594462383558831_8403268688906358821_n.jpg,P029,main,framed,trees,Rainbow Tree of Life,"A vibrant tree of life with a black silhouette trunk and visible roots, crowned with hundreds of tightly rolled quilled leaves in every colour of the rainbow. A celebration piece often given to mark new beginnings, weddings, milestone birthdays or family gatherings. Available framed in light oak, white, or black - or unframed - by request. Also available in an autumn palette (warm oranges, browns and dark greens) — see additional photos.",high
474623872_608797592125310_1004574656008767172_n.jpg,P029,angle,framed,trees,,Close-up showing the dimensional quilled leaves standing proud of the surface.,high
474886122_608797105458692_6533461323550398230_n.jpg,P029,angle,framed,trees,,Same artwork in a white frame.,high
474997752_608797525458650_5791822408248207690_n.jpg,P029,angle,framed,trees,,Same artwork in a black frame.,high
480960381_637343349270734_6936067247946353837_n.jpg,P029,angle,framed,trees,,"Autumn palette variant: tree of life with warm oranges, deep browns, and dark greens replacing the rainbow leaves — same composition, completely different mood. Light oak frame, front-on canonical product shot.",high
480828570_637343169270752_6784868346019004175_n.jpg,P029,angle,framed,trees,,Autumn palette variant photographed at a side angle — emphasises the dimensional rolled-paper construction of each leaf.,high
472419557_594465483558521_3842321778232672597_n.jpg,P030,main,framed,nautical,Framed Quilled Sailboat,"A serene quilled sailboat with cream and teal swirled sails, a layered brown hull, and graceful blue-and-white waves beneath. Mounted in a clean white square shadow-box frame. Part of an optional nautical trio (with the lighthouse and anchor) - perfect for coastal homes, beach houses, or seaside-themed nurseries.",high
472511850_594462400225496_5001933170864954186_n.jpg,P030,angle,framed,nautical,,Close-up of the sailboat showing the layered paper edges and swirled detail in the sails.,high
472725114_594465506891852_6369792443175629014_n.jpg,P030,angle,framed,nautical,,Sailboat photographed from a slight angle showing the three-dimensional depth of the piece.,high
474623783_608797538791982_5270769557659473582_n.jpg,P030,angle,framed,nautical,,Side-angle shot in a rope-edged frame variant.,high
472520176_594462370225499_4555524174414196652_n.jpg,P031,main,framed,nautical,Framed Quilled Lighthouse,"A charming quilled lighthouse with a blue-and-white striped tower, a yellow beacon casting horizontal light rays, and swirling deep-blue waves crashing at its base. Mounted in a light oak shadow-box frame edged with rope detail. Part of an optional nautical trio (with the sailboat and anchor) - well suited to coastal homes and children's rooms with a seaside theme.",high
472514035_594465516891851_6630624061008674001_n.jpg,P031,angle,framed,nautical,,Wide shot of the lighthouse showing the rope-edged frame.,high
472711816_594462386892164_1377821221212512196_n.jpg,P031,angle,framed,nautical,,Side-angle close-up showing the depth of the wave detail at the base.,high
475020100_608797542125315_1601564062875313540_n.jpg,P032,main,framed,nautical,Framed Quilled Whale,"A cheerful quilled whale in deep navy and teal with elegant scrollwork detail across its body, spouting twin curls of water from its blowhole. Mounted in a rope-edged white shadow-box frame. Often paired with the personalised initial frame (see Custom Initial pieces) for nursery wall sets.",high
475055919_608797112125358_4897484643581912988_n.jpg,P033,main,framed,nautical,Framed Quilled Nautical Initial,"A personalised statement letter rendered in dark blue and silver-grey quilled scrollwork, with small accent pieces (starfish, shell) tucked into the lower corner. Each piece is made to order for a chosen initial - the example shown features a 'J'. A favourite for nautical-themed nurseries, often commissioned alongside the matching whale piece. Please specify the desired letter when enquiring.",high
475003403_608797488791987_5924840099911912297_n.jpg,P033,angle,framed,nautical,,Side-by-side display showing the initial alongside the matching whale piece - frequently commissioned as a pair.,high
474981836_608797545458648_2053411543228829030_n.jpg,P034,?drop,framed,nautical,,"Studio composite showing the full nautical trio (anchor, sailboat, lighthouse) displayed together on a shelf. Useful as a 'set' marketing shot but not a saleable individual product. Recommend keeping as a homepage/lifestyle hero image rather than a gallery entry - or use as the main image for a future 'Nautical Trio' set product if you'd prefer to sell the three together.",medium
474920475_611487705189632_8143550208605911054_n.jpg,P035,main,framed,"animals,names",Personalised Fox Name Frame,"A made-to-order children's name piece featuring a soft, sleepy-eyed fox in oranges and creams with delicate quilled flourishes on the tail, paired with the child's name in textured navy-and-teal quilled lettering. The example shown features the name 'Hunter'. A popular nursery and first-birthday commission - please specify the name, preferred fox palette, and lettering colour when enquiring.",high
474620199_608439055494497_6147615658933113295_n.jpg,P036,main,framed,insects,Framed Quilled Beetle,"A striking framed quilling of a beetle with iridescent green-and-bronze striped wing cases, a dense filigree thorax in greens and golds, and bold black legs spreading naturalistically across the white background. Mounted in a clean white shadow-box frame. An unusual, scientific-illustration-meets-folk-art piece for studies, libraries or anywhere an entomological accent is welcome.",high
472237361_592936993711370_5854470223333365946_n.jpg,P037,main,framed,"names,flowers",Personalised Floral Name Frame,"A made-to-order personalised name piece featuring crisp white block letters set against a lavish background of pink quilled flowers, swirling filigree, tulips and leaves. The example shown features the name 'Heidi'. Each piece is built up by hand over many hours of layered quilling work - see the process photos in this listing for a glimpse of how it comes together. A favourite for nursery walls, milestone birthdays and personalised wedding or anniversary gifts. Please specify the name, preferred palette, and any flower or motif preferences when enquiring.",high
472316196_593761970295539_5748373022737721281_n.jpg,P037,angle,framed,"names,flowers",,"The finished piece photographed unframed, showing the full density of the floral quilling work and the dimensional layering.",high
472685160_593761830295553_226571267683794717_n.jpg,P037,process,framed,"names,flowers",,"Process shot: the first letter H placed on the backing board, with faint pencil marks indicating where the remaining letters and dots will go.",high
472752655_593761810295555_2924799943785010383_n.jpg,P037,process,framed,"names,flowers",,"Process shot: all five letters laid out and positioned, ready for the decorative quilling work to begin around them.",high
472596056_593762036962199_7959573143249914397_n.jpg,P037,process,framed,"names,flowers",,"Process shot: the first decorative elements begin to take shape - pink swirls, a daisy with leaf, a heart inside the 'e', and quilled flourishes behind the 'd'.",high
471991581_593762013628868_7545954136244432373_n.jpg,P037,process,framed,"names,flowers",,"Process shot: larger flowers and green sprigs added, building up the floral garden that frames the name.",high
472764736_593761996962203_4154835018246697869_n.jpg,P037,process,framed,"names,flowers",,"Process shot: dense pink and cream filigree fills the background between the letters, with stylised daisies and tightly rolled accent pieces nearly complete.",high
475525501_612866885051714_8701381016971518998_n.jpg,P038,main,framed,"names,flowers",Personalised Floral Initial Frame,"A made-to-order personalised initial piece featuring a single tall white block letter set against a lavish background of pink quilled florals, hearts, swirling filigree and rolled roses. A small subtitle reads '...is for [Name]' running vertically beside the letter. The example shown features 'I is for Indiana'. A favourite for nursery walls, christenings, and first-birthday commissions. Please specify the initial letter, the full first name for the subtitle, and any palette preferences when enquiring.",high
475334350_612867015051701_6299722890869680370_n.jpg,P038,angle,framed,"names,flowers",,Styled shot showing the finished piece displayed on a shelf alongside a vase of dried eucalyptus - useful for buyers picturing the piece in a home setting.,high
475318293_612867011718368_4451043946723873515_n.jpg,P038,angle,framed,"names,flowers",,Top-down side angle showing the dimensional depth of the quilled paper rising off the backing board.,high
475834136_612866758385060_7857138088259321304_n.jpg,P038,angle,framed,"names,flowers",,"Side-angle close-up of the right half of the piece, showing the heart cutout detail and the layered rolled roses.",high
475341114_610779105260492_7996690013340258771_n.jpg,P039,main,cards,flowers,Three-Flower Mother's Day Card,"A handmade Mother's Day card featuring three small quilled flowers (pink, peach, and yellow-and-green) set into individual square windows cut into the card front, with a 'Happy Mother's Day' header and a 'Love Ya' tag at the lower corner. A floral patterned spine runs down the left edge. Comes with a coordinating envelope. Internal wording can be customised on request.",high
475545051_612883515050051_8351585442585491891_n.jpg,P040,main,cards,patterns,Mother & Baby Silhouette Card,"A handmade Mother's Day card featuring an elegant single-line black quilled silhouette of a mother cradling her baby, with a rose-gold-framed 'Happy 1st Mother's Day' label below. A striking, minimalist alternative to the floral Mother's Day options. Internal wording and the labelled occasion (e.g. 'Happy Mother's Day' instead of '1st') can be customised on request.",high
475423913_612883265050076_6227328163043462841_n.jpg,P040,angle,cards,patterns,,Side angle showing the dimensional depth of the quilled silhouette and the rose-gold foil detailing on the label.,high
475438911_610779348593801_3780266575064367293_n.jpg,P041,main,cards,flowers,Wisteria Bouquet Mother's Day Card,"A handmade Mother's Day card featuring three sprigs of quilled wisteria — one purple, flanked by two pink — with green leaves and a small butterfly bow at the base. Set on a soft lavender oval background with a 'Happy Mother's Day' banner below. Comes with a coordinating envelope. A close cousin of the all-purple Lavender Bouquet card (see P024); internal wording can be customised on request.",high
475411254_612876905050712_5904985847809387416_n.jpg,P042,main,framed,"animals,nursery",Pink Elephant with Balloons (Framed Nursery Art),"A cheerful framed quilling of a baby elephant with grey body, soft pink ear interiors, a pink bow atop her head, and a cluster of five pink balloons held by hand-drawn strings tied to her tail. The trunk lifts joyfully upward. Mounted in a clean white shadow-box frame. A favourite for baby-girl nurseries; a blue/boy palette variant is available on request — please specify when enquiring.",high
475387293_612876871717382_8395174209351730214_n.jpg,P042,angle,framed,"animals,nursery",,Top-down side angle showing the dimensional rolled-paper construction of the body and balloons.,high
475468248_612876885050714_2649884131438202740_n.jpg,P042,angle,framed,"animals,nursery",,Lifestyle shot of the framed elephant displayed on a shelf between two woven rattan daisies — useful for showing scale and styling context.,high
479185943_624090760595993_8976615788640963331_n.jpg,P043,main,framed,"animals,nursery",Brown Monkey with Balloons (Framed Nursery Art),"A cheerful framed quilling of a baby monkey with a brown body, cream face and ear interiors with pink centres, pink-heart paw pads, a pink bow on the tail, and a cluster of four pink balloons floating above. Mounted in a clean white shadow-box frame. Pairs naturally with the Pink Elephant piece (P042) for a coordinated nursery wall. A blue/boy palette variant is available on request — please specify when enquiring.",high
477561018_624090733929329_8419951226815210140_n.jpg,P043,angle,framed,"animals,nursery",,Top-down side angle showing the rolled-paper depth of the monkey's body and the layered cream-and-pink face detail.,high
479194147_624090737262662_1074877902447927334_n.jpg,P043,angle,framed,"animals,nursery",,Closer side angle showing the face and balloon-string detail from a different perspective.,high
480084299_624090763929326_4828629712395100987_n.jpg,P043,angle,framed,"animals,nursery",,Lifestyle shot of the framed monkey displayed on a shelf alongside woven rattan daisies — matches the styling of the elephant lifestyle shot (image in P042) and the two products are commonly photographed and sold as a coordinated nursery pair.,high
480167213_626836496988086_4087391281548458466_n.jpg,P044,main,framed,"animals,nursery",Pink Panda with Balloons (Framed Nursery Art),"A cheerful framed quilling of a baby panda with the classic black-and-white pattern, soft pink ear interiors and cheek-blush spirals, a pink bow atop the head, a pink pompom tail accent, and a cluster of three pink balloons held by hand-drawn strings. Mounted in a clean white shadow-box frame. The third piece in the Nursery Animals with Balloons series — pairs with the Pink Elephant (P042) and Brown Monkey (P043) to form a coordinated trio. A blue/boy palette variant is available on request — please specify when enquiring.",high
480279974_626836633654739_2690071848658976600_n.jpg,P044,angle,framed,"animals,nursery",,Top-down side angle showing the dimensional depth of the panda's rolled-paper body and the layered ear and balloon construction.,high
480402018_626836740321395_1194150925329208206_n.jpg,P044,angle,framed,"animals,nursery",,"Closer side angle showing the face, pink bow, and cheek-blush detail.",high
480651336_626836290321440_6202857527687244574_n.jpg,P044,angle,framed,"animals,nursery",,Lifestyle shot of the framed panda displayed on a shelf alongside woven rattan daisies — matches the styling of the elephant (P042) and monkey (P043) lifestyle shots.,high
480429958_626836723654730_4703244286540590862_n.jpg,P042-44,?drop,framed,"animals,nursery",,"Studio composite showing the full Nursery Animals trio (elephant, panda, monkey) displayed together on a shelf. Useful as a homepage/lifestyle hero image or as the main shot for a future 'Nursery Animals Trio' set product — not a saleable individual entry. Same treatment as the nautical trio composite (P034). Note: 481145971 is a near-duplicate of this composite shot.",medium
481145971_636103466061389_2371062430919464510_n.jpg,P042-44,?drop,framed,"animals,nursery",,"Second composite/hero shot of the Nursery Animals trio — near-duplicate of 480429958, slightly different framing/positioning. Keep one and drop the other.",medium
480465827_630534976618238_4399150129134139648_n.jpg,P045,main,framed,birds,Framed Quilled Cockatiel,"A beautifully detailed quilled cockatiel with the characteristic yellow head and crest, a vivid orange cheek patch, a soft pink beak, and a layered grey-and-charcoal body with scalloped wing detail. Mounted in a clean white shadow-box frame. Available in white, light oak, or black frame — please specify when ordering. A natural companion piece to the cockatoo and other Australian-native bird studies in the framed birds collection.",high
480515409_631538309851238_8536865185357094465_n.jpg,P045,angle,framed,birds,,Same artwork shown in a light oak frame variant — illustrates the frame-option flexibility.,high
481283459_631538363184566_4805646643058578279_n.jpg,P045,angle,framed,birds,,"Close-up macro showing the yellow head detail, orange cheek patch, and the dimensional rolled-paper scalloping of the wing feathers.",high
481075697_630535269951542_6362761426466355584_n.jpg,P045,angle,framed,birds,,"Side angle of the cockatiel in a white shadow-box frame — shows the dimensional construction of the body, tail, and pink feet.",high
480655648_629847670020302_5281691362989764248_n.jpg,P046,main,framed,"animals,nursery,australiana",Kangaroo with Balloons (Framed Nursery Art - Blue Palette),"A cheerful framed quilling of a baby kangaroo with a soft brown-grey body, tall pink-lined ears, pink cheek-blush spirals, a black nose and whiskers, a blue bow tie, and a cluster of four blue-and-white balloons held by hand-drawn strings. Mounted in a clean white shadow-box frame. The first proven blue/boy-palette entry in the Nursery Animals with Balloons series. A pink/girl palette variant or a different animal in this blue palette is available on request — please specify when enquiring.",high
480566235_629847746686961_5227657179117277045_n.jpg,P046,angle,framed,"animals,nursery,australiana",,Top-down side angle showing the dimensional depth of the kangaroo and the layered balloon construction.,high
480556300_629847780020291_918837247191743784_n.jpg,P046,angle,framed,"animals,nursery,australiana",,Lifestyle shot of the framed kangaroo displayed alongside a soft blue teddy bear — shows scale and the boy-nursery styling context.,high
480567421_629852623353140_8691268417494004739_n.jpg,P047,main,framed,patterns,Abstract Sea-Glass Swirl Wall Art,"A large-scale abstract framed quilling in a soft sea-glass palette — layered ribbons of sage, eucalyptus, cream and dusty teal curl and overlap to create a flowing, calligraphic composition with substantial dimensional depth. Mounted in a clean light oak frame. A statement piece for a hallway, lounge, or above a console table — distinctly different in mood from the figurative and themed work in the rest of the collection.",high
480573572_629852903353112_8384250762006871823_n.jpg,P047,angle,framed,patterns,,Closer side angle showing the depth and the layered ribbon construction.,high
480578705_629852663353136_7686031367258553633_n.jpg,P047,angle,framed,patterns,,Staged interior shot showing the piece hanging above a wooden console table in a panelled hallway — useful for buyers visualising scale and styling context.,medium
480596778_633254856346250_448624847832397125_n.jpg,P048,main,canvas,flowers,Mini Quilled Mandala Canvas,"A small quilled mandala flower mounted on a miniature stretched canvas, displayed on its own little wooden easel — a compact, giftable piece for desks, shelves, or small wall arrangements. The example shown features a radial sunflower-style mandala in yellow and orange petals with a red centre and small blue accent dots. Each canvas is made by hand and the palette can be customised on request — see the alternative palette in the additional image. Comes with the wooden easel.",high
480630787_633254976346238_3735134508249974905_n.jpg,P048,angle,canvas,flowers,,"The same mandala canvas concept in an alternative pink, green and purple palette — illustrates the colour flexibility for bespoke orders.",high
480745049_633255086346227_7419963961006780538_n.jpg,P049,main,canvas,patterns,Mini Rainbow & Hearts Canvas,"A small quilled rainbow arched between two soft white clouds with six tiny pastel hearts (yellow, pink, blue, mint, peach, lilac) scattered around it, mounted on a miniature stretched canvas displayed on its own little wooden easel. A gentle, gift-scale piece well suited to children's rooms, baby shower gifts, or a soft accent on a bedside table. Comes with the wooden easel.",high
480730240_636102402728162_2144814114572083455_n.jpg,P050,main,framed,patterns,Framed Quilled Electric Guitar,"A striking framed quilling of an electric guitar in fiery reds, oranges, and yellows with deep black accents and intricate spiral filigree throughout the body. Hand-drawn musical notes float on a flowing staff from the headstock outward. Mounted in a clean white shadow-box frame. A bold, gift-led piece for a musician, a music room, or a teenager's bedroom. Also available in a monochrome (black, white and grey) palette and in a black frame — see additional photos for palette and frame variants.",high
480877490_636755195996216_4066561382758796241_n.jpg,P050,angle,framed,patterns,,Alternative front-on shot of the warm-fire palette guitar in a white frame — slightly different framing/mat from the canonical main shot.,high
481767740_636102482728154_6468002209167871523_n.jpg,P050,angle,framed,patterns,,"Dramatic side angle of the warm-fire palette guitar in a white frame, foregrounding the dimensional spiral filigree in the guitar body.",high
482224261_636102496061486_1713763000764379218_n.jpg,P050,angle,framed,patterns,,Another side angle of the warm-fire palette guitar in a white frame — shows the rolled-paper construction of the body curves.,high
481956733_636755479329521_1751652983709994082_n.jpg,P050,angle,framed,patterns,,"Palette + frame variant: the same guitar design in a monochrome (black, white, and grey) palette, mounted in a black shadow-box frame. Confirms the monochrome/black-frame combination as a documented variant alongside the warm-fire/white-frame version.",high
481225260_636755199329549_2540423288488959888_n.jpg,P050,angle,framed,patterns,,"Monochrome palette in black frame, photographed from a side angle showing the dimensional spirals.",high
481786588_636755169329552_8504515574579072424_n.jpg,P050,angle,framed,patterns,,"Monochrome palette in black frame, dramatic side angle showing the depth of the rolled-paper construction.",high
482010389_636888435982892_9188347793774672574_n.jpg,P051,main,framed,"insects,patterns",Give Yourself Time — Multi-Frame Quote,"A three-aperture white shadow-box frame spelling out the message 'Give Yourself Time', with each word paired with a stage of butterfly metamorphosis: 'Give' with a striped monarch caterpillar on grass, 'Yourself' with a hanging green-and-gold chrysalis on a leafy branch, and 'Time' with the fully-emerged orange-and-black monarch butterfly. A gentle, meditative inspirational piece for offices, healing spaces, study walls, or anywhere a quiet reminder of patience and growth would be welcome.",high
480735826_636888495982886_5860745759478271180_n.jpg,P051,angle,framed,"insects,patterns",,Earlier in-progress photograph showing the first two frames ('Give' and 'Yourself') of the triptych before the 'Time' frame was completed. Useful as a process/behind-the-scenes shot.,high
481069215_636888089316260_1818476963413508985_n.jpg,P051,angle,framed,"insects,patterns",,Close-up macro of the third frame: the orange-and-black monarch butterfly with the 'Time' label above — shows the dimensional spiral construction of the wings.,high
480740317_650037791334623_7913025221186007924_n.jpg,P052,main,framed,"flowers,australiana",Corymbia ficifolia (Red Flowering Gum),"A botanical-illustration-style framed quilling of three blossoms of the Australian native Corymbia ficifolia (red flowering gum) — vivid pink fringed flowers with golden-yellow stamens, hanging from a brown stem with three sage-green eucalyptus leaves. Includes a scientific name plaque. Part of the same natural-history-specimen aesthetic family as the Blue Banded Bee (P014) and the Framed Beetle (P036) — suited to studies, libraries, or anywhere an Australian native botanical accent is welcome. NOTE: the scientific name label currently reads 'Corumbia' (typo) — should be 'Corymbia'. Worth correcting before this listing goes live.",high
481103346_636423822696020_2636382729549279046_n.jpg,P053,main,framed,flowers,Single-Bloom Vase Series,"A series of small framed quillings, each showing a single stylised vase with two delicate paper flowers and curling green tendrils. Available in multiple flower colours: blue, magenta/purple, red, and yellow (see additional photos). Each is mounted in a clean white shadow-box frame; vases are deliberately rendered as flat white silhouettes so the dimensional quilled blooms above sit forward as the focal point. Sold individually or as a coordinated set of two or four. Please specify your preferred colour(s) when ordering.",high
481239205_636423899362679_694881490911037267_n.jpg,P053,angle,framed,flowers,,Blue palette variant: two blue daisy-style blooms with green tendrils above the white silhouette vase.,high
481167645_636423892696013_7033491381109510291_n.jpg,P053,angle,framed,flowers,,Magenta/purple palette variant: two bright magenta blooms with green tendrils.,high
481208829_636423689362700_595893013873711285_n.jpg,P053,angle,framed,flowers,,Red palette variant: two deep red blooms with curling green tendrils.,high
481191338_636423869362682_997343193436984292_n.jpg,P053,angle,framed,flowers,,Yellow palette variant: two bright yellow daisies with green tendrils.,high
480754385_633255163012886_4386065511355290750_n.jpg,P054,main,canvas,insects,Mini Rainbow Butterfly Canvas,"A vibrant quilled butterfly with rainbow-coloured wings (red, orange, yellow, green, blue, purple) and a dimensional white body, mounted on a miniature stretched canvas. Each wing features dense rolled-paper spirals of varying sizes. A cheerful gift-scale piece for desks, shelves, kitchens, or children's spaces. Comes with a small wooden easel. Part of the mini-canvas series alongside the Mandala (P048), Rainbow & Hearts (P049), Rainbow Garden (P055), Sunflower (P059), and Ladybug Vine (P067) designs.",high
481262768_633254953012907_110981158424619290_n.jpg,P055,main,canvas,flowers,Mini Rainbow Garden Canvas,"A whimsical quilled garden scene with six tightly-rolled flower blossoms in rainbow colours (yellow, blue, pink, red, orange, purple) on slender green stems, surrounded by curving green grass blades and a single small quilled butterfly hovering above. Mounted on a miniature stretched canvas with a wooden easel. A bright, joyful piece for desks, kitchens, garden-themed rooms, or children's spaces.",high
481819993_644076945264041_3152182222433576361_n.jpg,P056,main,framed,animals,Two Cats Forming a Heart,"A charming minimalist framed quilling of two cats — one white, one black — sitting side by side with their tails curving upward and meeting to form a heart shape above them. Each cat's body is constructed from tightly nested paper spirals, with delicate whisker detailing on each face. A sentimental piece for cat lovers, couples, anniversaries, or 'just because' gifts. Mounted in a clean white shadow-box frame.",high
481082019_636756172662785_5112027104769941854_n.jpg,P056,angle,framed,animals,,Alternative front-on flat shot of the two-cats piece in a white shadow-box frame — slightly different framing/lighting from the canonical main shot.,high
481818440_636756409329428_6710658650424437038_n.jpg,P056,angle,framed,animals,,Side-angle close-up showing the dimensional rolled-paper construction of each cat's body and the curving black tail that forms the heart.,high
481119369_636756439329425_1117120053293660262_n.jpg,P056,angle,framed,animals,,"Dramatic close-up side angle from the upper-left, foregrounding the heart and the depth of the spiral filigree in both cats.",high
480876238_629852723353130_6052678062296643840_n.jpg,P057,main,framed,patterns,Abstract Sea-Glass Wave Composition,"A second large-scale abstract framed quilling in the sea-glass palette — sage, eucalyptus, dusty teal, and cream ribbons curl and overlap in a denser, more wave-like composition than the calligraphic sea-glass piece (P047). Mounted in a clean light oak frame. Pairs naturally with P047 as a coordinated pair, or stands alone as a statement piece. A more aquatic, ocean-inspired reading than the freer calligraphic sister piece.",high
482253232_644076905264045_1913082342271585055_n.jpg,P058,main,framed,flowers,Rainbow Fern Frond,"A single fern frond rendered in quilled paper with leaflets graduating through the full rainbow spectrum — deep red at the base, climbing through orange, yellow, green, blue, purple and pink to white at the tip. A delicate, contemplative piece with a botanical-specimen feel. Mounted in a clean white shadow-box frame. Pairs naturally with the Rainbow Tree of Life (P029) for buyers wanting a coordinated set in the rainbow palette family.",high
482251264_644076981930704_6231646856733214849_n.jpg,P058,angle,framed,flowers,,Side-angle close-up showing the dimensional layering of each leaflet rising off the backing board and the delicate white central stem.,high
482358105_644076515264084_5473275798330708952_n.jpg,P058,angle,framed,flowers,,Oblique macro side angle showing the upward-curving tip of the frond and the depth of the rolled-paper construction in each leaflet.,high
481976971_633255093012893_8764789668741749916_n.jpg,P059,main,canvas,flowers,Mini Sunflower Canvas,"A single dense quilled sunflower with layered yellow petals and a dimensional brown centre, surrounded by curling green tendrils, mounted on a miniature stretched canvas displayed on its own little wooden easel. A cheerful, gift-scale piece for desks, kitchens, or small wall arrangements. Comes with the wooden easel. Part of the mini-canvas series alongside the Mandala (P048), Rainbow & Hearts (P049), Butterfly (P054), Rainbow Garden (P055), and Ladybug Vine (P067) designs.",high
482067499_645396765132059_4848978817454927133_n.jpg,P060,main,framed,"animals,pets",Quilled Paw Print,"A striking framed quilling of a dog or cat paw print rendered entirely in black: one large rounded triangular pad and four oval toe pads, each filled with intricate spiral filigree and small flower-motif detailing. Mounted in a clean white shadow-box frame. A meaningful gift for pet owners, dog/cat lovers, or as a memorial piece for a beloved pet. Available in white frame (shown here) or black frame (see additional photo) — please specify when ordering. A rainbow-coloured paw-print version in a heart frame is also available (see P066).",high
482070368_645396528465416_7239923477825663830_n.jpg,P060,angle,framed,"animals,pets",,"Frame variant: the same paw print design in a black shadow-box frame, front-on canonical shot.",high
482228297_645396451798757_4505340968560017541_n.jpg,P060,angle,framed,"animals,pets",,"Side-angle close-up of the paw print (black frame variant edge visible at right), foregrounding the spiral filigree work in the pads.",high
482243302_645396838465385_2633360085967853543_n.jpg,P060,angle,framed,"animals,pets",,"Tighter oblique angle of the paw print in a white frame, emphasising the dimensional rolled-paper construction.",high
482986331_644874338517635_4127845905757451162_n.jpg,P061,main,framed,"animals,nursery",Rainbow Unicorn,"A magical quilled unicorn portrait featuring a white head and body in profile, a tightly-spiralled white horn, and a flowing pastel rainbow mane in dimensional ribbon-style quilling (purple, pink, green, orange, blue). Surrounded by small floating pastel hearts in yellow, pink, purple, blue, and green. Mounted in a clean white shadow-box frame with a light oak outer frame. A favourite for girls' bedrooms, nurseries, milestone birthdays, and first-communion gifts. The first mythological-creature piece in the catalog — palette can be customised on request.",high
482205737_644874125184323_1159590270650561026_n.jpg,P061,angle,framed,"animals,nursery",,Side-angle close-up showing the dimensional ribbon construction of the rainbow mane and the floating pastel hearts.,high
482250989_645343668470702_434382871064324464_n.jpg,P062,main,framed,patterns,HOME — Quilled Word Art,"A large landscape-oriented framed quilling spelling 'HOME' in ornate dimensional capitals. Each letter is constructed from layered quilled spirals in a cream, ivory, charcoal and dark brown palette, with delicate floral and curling-tendril accents woven through and around the letters. Mounted on a clean white background with a deep chocolate-brown wooden outer frame and cream inner mat. A welcoming statement piece for hallways, entry walls, or above a sideboard; works as a housewarming, engagement, or new-home gift.",high
483618771_645344845137251_3479613203126954025_n.jpg,P062,angle,framed,patterns,,"Side-angle macro of the 'M' and 'E' end of the word, foregrounding the dimensional spiral construction and the floral filigree decoration around each letter.",high
482322936_647677911570611_7722187522709342040_n.jpg,P063,main,cards,animals,I Love Ewe — Valentine's / Anniversary Card,"A handmade A6 greeting card featuring a charming quilled sheep with a black head and white spiral-wool body, standing in a small patch of grass, with three small red quilled hearts floating overhead. The 'I love ewe' caption — a gentle sheep-themed pun — sits below the design. A sweet, slightly cheeky alternative to a traditional Valentine's or anniversary card. Comes with a matching envelope. Blank inside for your own message.",high
483369317_644089945262741_9130675601304425956_n.jpg,P064,main,framed,"patterns,seasonal",Make Your Own Luck — Shamrock Frame,"A small framed quilling featuring three dimensional green shamrocks (one large four-leaf clover and two smaller three-leaf clovers) growing from a tuft of green quilled grass, with the printed caption 'make your own LUCK' on a small card below. A motivational St Patrick's Day or Irish-themed gift suited to desks, shelves, or small wall arrangements; reads year-round as a 'good fortune' piece rather than strictly seasonal. Mounted in a clean white shadow-box frame.",high
483507713_644089941929408_3295581058455896078_n.jpg,P064,angle,framed,"patterns,seasonal",,Side-angle close-up showing the dimensional rolled-paper construction of each shamrock — the heart-shaped leaflets and central spirals are visible in this view.,high
482358846_644089815262754_896009490653323526_n.jpg,P064,angle,framed,"patterns,seasonal",,Lifestyle shot of the framed piece styled on a console alongside two ceramic vases and a sprig of dried eucalyptus — useful for buyers visualising the piece in a home setting.,high
483067395_646990174972718_8871810863628211189_n.jpg,P065,main,cards,"patterns,seasonal",Merry Christmas — Cream Snowflake Card,"A handmade A6 Christmas card featuring an elegant six-pointed quilled snowflake in cream and ivory tones, mounted on a clean white card with the printed greeting 'Merry Christmas' above. A timeless, understated holiday card suitable for any recipient. Comes with a matching envelope. Blank inside for your own message. Available individually or as a set — please specify quantity when ordering.",high
483101265_647273481611054_3764356426423463803_n.jpg,P066,main,framed,"animals,pets",Rainbow Paw Print in Heart Frame,"A heart-warming framed quilling featuring a paw print rendered in vibrant rainbow colours (pink, orange, yellow, green, blue, purple) nested inside an outline heart constructed from delicate white quilled filigree. Mounted in a clean white shadow-box frame. A bright, celebratory gift for pet owners, rainbow-bridge memorial pieces, or simply for someone whose pet is the centre of their world. Distinct from the all-black quilled paw print (P060), which offers a more classic monochrome aesthetic.",high
483530793_650533137951755_5997846057850635903_n.jpg,P067,main,canvas,insects,Mini Ladybug Vine Canvas,"A pair of vivid red quilled ladybugs perched on a curving green leaf-vine, mounted on a miniature stretched canvas displayed on its own little wooden easel. Each ladybug features dimensional spiral wing detail, black spots, and tiny antennae; the vine has eight rolled-paper leaves curling along its length. A cheerful, gift-scale piece for desks, kitchens, garden-themed rooms, or children's spaces. Comes with the wooden easel. Part of the mini-canvas series alongside the Mandala (P048), Rainbow & Hearts (P049), Butterfly (P054), Rainbow Garden (P055), and Sunflower (P059) designs.",high
483533889_646990331639369_8939831945682750924_n.jpg,P068,main,cards,"patterns,seasonal",Merry Christmas — Red Stocking Card,"A handmade A6 Christmas card featuring a quilled traditional Christmas stocking — a deep red stocking body filled with intricate spiral filigree and topped with a glittery white cuff. The printed greeting 'Merry Christmas' sits above the stocking, with iridescent glitter accents scattered across the white card background. A festive, classic holiday card. Comes with a matching envelope. Blank inside for your own message. Available individually or as a set — please specify quantity when ordering.",high
483811904_645706578434411_4387459848735977254_n.jpg,P069,main,homewares,"patterns,seasonal",Quilled Snowflake Christmas Bauble,"A delicate Christmas tree ornament: a clear plastic bauble containing a quilled pink-and-mauve six-pointed snowflake suspended inside, with a scattering of magenta glitter at the base of the bauble and a soft grey ribbon for hanging. The first 3D / hangable piece in the collection. A keepsake decoration that doubles as a quiet tribute to careful handmade work — beautiful catching the light on a tree branch or hanging in a window. Available in alternate colour palettes by request (please ask). Available in additional palette options including white-and-silver with matching glitter.",high
483838282_644701515201584_2866630872646357517_n.jpg,P070,main,framed,"nursery,names",Personalised Baby Birth Announcement (Sample: Halli Ash),"A made-to-order personalised birth announcement frame featuring a dimensional quilled teddy bear (palette to suit — this sample shown in pink, also available in blue, neutral, or your choice of colours), four floating balloons bearing the baby's birth statistics (length, weight, date, time of birth), and the baby's name spelled out in coordinating quilled letters on a small card below. A meaningful, keepsake gift for a baby shower, christening, naming day, or first birthday — designed to be displayed in the nursery for years. Please provide the baby's full name, date of birth, time of birth, weight, length, and any palette preferences when ordering. This piece is a commission example and is offered as a custom order only; please allow 3–4 weeks for completion.",high
483852741_647000858304983_913096307242892392_n.jpg,P071,main,homewares,"seasonal,patterns",Quilled Christmas Gift Tag Set,"A coordinated set of six handmade gift tags, each featuring a different quilled Christmas motif on a white tag with gold cord: a gold-and-red angel with halo, a red-and-green poinsettia, a red-and-white candy cane, a tall green Christmas tree, a trio of wrapped presents in red/white/green, and a top-hatted snowman. Ready to tie onto presents for a finished, handcrafted touch.",high
483860790_646992528305816_5345092746447207479_n.jpg,P072,main,cards,"seasonal,patterns",Merry Christmas — String of Lights Card,"A handmade A6 Christmas card featuring a string of quilled Christmas lights — seven dimensional teardrop bulbs in yellow, green, red, pink, blue, orange and purple, each capped with a small grey base, strung along a green twisted-paper wire. Topped with a printed ""Merry Christmas"" greeting. Comes with a coordinating envelope.",high
483936075_645706565101079_630438418752191852_n.jpg,P073,main,homewares,"seasonal,animals",Quilled Paw Print Christmas Bauble (Blue),"A delicate Christmas tree ornament: a clear plastic bauble containing a quilled blue paw print (one large pad and four toe pads in dimensional blue spirals) suspended inside, with a scattering of blue glitter at the base of the bauble and a soft blue grosgrain ribbon hanger. A second 3D ornament in the homewares range alongside the snowflake bauble.",high
483987035_647678111570591_7345203496001859362_n.jpg,P074,main,cards,"insects,patterns","""Bee Mine"" Valentine's Card","A handmade card featuring a charming quilled bumblebee with a yellow-and-black striped body, soft grey wings, and curling black antennae, accompanied by three tiny red quilled hearts in the upper-left corner. Captioned ""Bee mine"" in script. A playful, pun-driven alternative to a classic Valentine's card.",high
484030657_650037888001280_8546470054513590543_n.jpg,P075,main,framed,"flowers,australiana",Callistemon citrinus (Crimson Bottlebrush),A botanical-illustration-style framed quilling of the Australian native Callistemon citrinus (crimson bottlebrush) — a stem of slender dark-green leaves bearing a dense cluster of vivid red bottlebrush blossoms with fringed centres. Mounted in a clean white shadow-box frame with a printed scientific-name label. Companion piece to P052 (Corymbia ficifolia) and P088 (Acacia pycnantha) in the native-botanicals series.,high
484032090_647678094903926_7818348901752958874_n.jpg,P076,main,cards,patterns,"""Love"" Arrow Card","A minimalist handmade card with the word ""Love"" written in printed black calligraphy, the ""o"" replaced by a dimensional quilled red heart, pierced through by a printed black arrow that extends across the full width of the card. A clean, modern Valentine's or anniversary card. Comes with a coordinating envelope.",high
484111402_647133684958367_7530132358924929104_n.jpg,P077,main,framed,names,Personalised Rainbow Name Frame (Sample: Lucian),"A made-to-order personalised name piece featuring crisp white block letters set against a vibrant rainbow background — each letter is filled with a riot of tightly-rolled paper spirals in every colour of the rainbow, with floral and heart accents tucked between the strokes. The example shown spells ""Lucian"" with a small heart dot above the ""i"". A long landscape white shadow-box frame. Custom orders made to the customer's chosen name; full-name version companion to P038 (single-initial floral) and P108 (single-initial filled).",high
484032758_647133761625026_4974019975303004796_n.jpg,P077,angle,framed,names,,,high
484518686_647133764958359_2179196684834302617_n.jpg,P077,angle,framed,names,,,high
484033567_648027851535617_3539484123354421212_n.jpg,P078,main,framed,"patterns,australiana",Quilled Map of Australia,"A large framed quilling of the map of Australia, the continent and Tasmania filled with intricate filigree spirals in muted heritage tones — soft blues, dusty mauves, sandy creams, and pale greys with white accent coils — and a small quilled heart placed centrally over the inland. Mounted in a light oak shadow-box frame with a generous white mat. A statement piece for Australian-themed décor.",high
484545971_650533251285077_6164911771748431456_n.jpg,P078,angle,framed,"patterns,australiana",,,high
484357296_648023158202753_6226821022071393929_n.jpg,P078,process,framed,"patterns,australiana",,Work-in-progress: the cut-out continent outline before quilling is added.,high
484416595_648025228202546_3627869621237880405_n.jpg,P078,process,framed,"patterns,australiana",,"Work-in-progress: the cut-out continent outline with Tasmania, ready to be filled.",high
484036995_650037828001286_6721013815673985851_n.jpg,P079,main,framed,"flowers,australiana",Native Australian Botanicals Triptych,"A wide triptych shadow-box frame in light oak presenting three native Australian botanical quillings side by side, each with its printed scientific-name label: Corymbia ficifolia (flowering gum, pink-and-yellow blossoms), Acacia pycnantha (golden wattle, yellow pompom flowers on grey-green leaves), and Callistemon citrinus (crimson bottlebrush, dense red blossoms on green foliage). The individual pieces (P052, P088, P075) are also available separately.",high
484522207_648978244773911_2572141517387197854_n.jpg,P080,main,framed,"birds,australiana",Sulphur-crested Cockatoo,"A dimensional framed quilling of an Australian sulphur-crested cockatoo perched on a brown branch with green leaves — bright yellow crest fanned upward, soft white-and-pale-lavender body, dark beak, yellow underwing accents, and a long pale tail. Mounted in a light oak shadow-box frame. Part of the Australian birds series alongside the Kookaburra (P082) and Galah (P083).",high
484049112_648978478107221_5983314084745168629_n.jpg,P080,angle,framed,"birds,australiana",,,high
484648732_650944431243959_3369929321356997361_n.jpg,P080,angle,framed,"birds,australiana",,"Sold example, photographed in the oak frame.",high
484812140_648978228107246_3296577269508869032_n.jpg,P080,angle,framed,"birds,australiana",,Close-up perspective showing the dimensional crest and body feathers.,high
484304365_647129518292117_2863088041296429243_n.jpg,P081,main,framed,"birds,australiana",Stylised Black Cockatoo (Art-Style),"A dramatic art-style framed quilling of a yellow-tailed black cockatoo, head-on and brooding — the head a dense field of black filigree spirals, piercing yellow eyes, a heavy curved black beak, and a long fanned tail of mustard-yellow and black plumage. Mounted against a black background in a deep black shadow-box frame. A more graphic, stylised counterpart to the naturalistic P011 and P012.",high
484075131_647129801625422_8262514344276570205_n.jpg,P081,angle,framed,"birds,australiana",,,high
484088779_648428381495564_7707306977560715462_n.jpg,P082,main,framed,"birds,australiana",Kookaburra,"A dimensional framed quilling of an Australian kookaburra perched on a brown branch — soft cream-and-lavender chest, brown-and-grey wing with blue accent feathers, the distinctive long dark beak, and an orange-and-cream-banded tail. Mounted in a light oak shadow-box frame with a generous white mat. Part of the Australian birds series alongside the Sulphur-crested Cockatoo (P080) and Galah (P083).",high
485064018_648428368162232_1419601508371390562_n.jpg,P082,angle,framed,"birds,australiana",,,high
485130205_650944591243943_1512591655807975577_n.jpg,P082,angle,framed,"birds,australiana",,Sold example.,high
484557273_648960311442371_7277102849979364424_n.jpg,P083,main,framed,"birds,australiana",Galah,"A dimensional framed quilling of an Australian galah perched on a brown branch with eucalyptus leaves — soft pink crest with rolled spiral detail, deep pink chest with horizontal feather banding, and grey wings and tail. Mounted in a light oak shadow-box frame. Part of the Australian birds series alongside the Sulphur-crested Cockatoo (P080) and Kookaburra (P082).",high
484540690_648960284775707_7004239062747228224_n.jpg,P083,angle,framed,"birds,australiana",,,high
485141004_648960298109039_5725693154733868245_n.jpg,P083,angle,framed,"birds,australiana",,,high
485318506_650944577910611_8309097948570059120_n.jpg,P083,angle,framed,"birds,australiana",,Sold example.,high
484097673_648961338108935_5062868434784951130_n.jpg,P084,?drop,framed,"birds,australiana",,Composite shot showing Kookaburra (P082) and Galah (P083) side by side. Decide keep/drop/repurpose.,medium
484488981_648978341440568_6403343244689640464_n.jpg,P084,?drop,framed,"birds,australiana",,"Composite shot showing all three Aussie birds (P080 Sulphur-crested, P082 Kookaburra, P083 Galah) as a coordinated trio. Strong sub-collection candidate.",medium
484090725_647678118237257_2960628266328110624_n.jpg,P085,main,cards,patterns,"""Love is in the Air"" Heart Balloons Card","A handmade card featuring four quilled heart-shaped balloons in red and soft pink, two large and two small, with delicate hand-drawn string tails trailing downward. Captioned ""Love is in the air"" in flowing script. A romantic alternative to the classic Valentine's heart.",high
484118934_650036204668115_306678277043102162_n.jpg,P086,main,framed,birds,Five Owls on a Branch,"A wide landscape framed quilling featuring five small round owls in a colourful row — orange, blue, purple, green and pink — perched on a richly textured brown branch with curling green leaves at either end. Each owl has dimensional white-and-black eyes and a small triangular beak. Mounted in a clean white landscape shadow-box frame. A cheerful nursery or family-room piece.",high
484122800_647678234903912_6671404382630496029_n.jpg,P087,main,cards,flowers,"""I love you"" Red Tulip Bouquet Card","A handmade card featuring a quilled bouquet of nine red tulips on slender green stems, gathered together with a small pink quilled bow. Captioned ""I love you"" in elegant script. Coordinating envelope included.",high
484155372_650037778001291_3829532631126654210_n.jpg,P088,main,framed,"flowers,australiana",Acacia pycnantha (Golden Wattle),A botanical-illustration-style framed quilling of the Australian national floral emblem Acacia pycnantha (golden wattle) — a sinuous stem with paired grey-green elongated leaves and clusters of fringed golden-yellow pompom flowers. Mounted in a white shadow-box frame with a printed scientific-name label. Companion piece to P052 (Corymbia ficifolia) and P075 (Callistemon citrinus) in the native-botanicals series.,high
484218845_646990311639371_1101291574286210404_n.jpg,P089,main,cards,seasonal,Merry Christmas — White & Gold Angel Card,"A handmade A6 Christmas card featuring an elegant quilled angel — gold filigree halo, soft cream-and-gold wings, and a flowing white-and-gold robe with rolled spiral detail — surrounded by a scattering of gold glitter dots on a clean white card. Topped with a printed ""Merry Christmas"" greeting. Comes with a coordinating envelope.",high
484282870_646990541639348_6640617583236641724_n.jpg,P090,main,cards,"seasonal,patterns",Merry Christmas — Cream & Gold Bauble Card,"A handmade A6 Christmas card featuring a quilled Christmas bauble in soft cream and gold tones, with rolled spiral detail inside the round body, hanging from a delicate gold hand-drawn string and bow with curling tinsel-style flourishes either side. Topped with a printed ""Merry Christmas"" greeting. Comes with a coordinating envelope.",high
484285536_649715548033514_6856084344261867845_n.jpg,P091,main,canvas,"seasonal,patterns",Mini Four-Leaf Clover Canvas,A vivid green four-leaf clover with intricate spiral filigree detail in each leaf — varying shades of green plus dark accent coils — mounted on a miniature stretched canvas displayed on its own little wooden easel. Part of the mini-canvas series. Lucky charm and St Patrick's Day favourite.,high
484546181_650533131285089_1738512416358196527_n.jpg,P091,angle,canvas,"seasonal,patterns",,,high
484862126_647373451601057_5382911723312535436_n.jpg,P092,main,framed,patterns,Quilled Feather Frame (Palette Variants),"A single large dimensional quilled feather mounted in a clean white shadow-box frame. The feather is built from densely packed gradient ribbons of paper that fan out from a central white spine. Available in palette variants: cool (navy/blue/teal/green/cream) and warm (deep burgundy/red/orange/peach/cream). A bold, painterly statement piece.",high
484288848_647373554934380_5209720982624581117_n.jpg,P092,angle,framed,patterns,,Cool palette feather staged next to neutral vases.,high
484870925_647373218267747_3726264052783351392_n.jpg,P092,angle,framed,patterns,,"Cool palette feather, perspective showing dimensional layering.",high
484346634_647402044931531_4534570579074900318_n.jpg,P092,angle,framed,patterns,,"Warm palette feather, perspective.",high
484592671_647402051598197_1266479732694579179_n.jpg,P092,angle,framed,patterns,,"Warm palette feather, front.",high
484872781_647402131598189_1209420520323625255_n.jpg,P092,angle,framed,patterns,,"Warm palette feather, perspective.",high
484351004_646990294972706_8324419250698771624_n.jpg,P093,main,cards,"seasonal,patterns",Merry Christmas — Blue & Gold Snowflake Card,"A handmade A6 Christmas card featuring an elaborate eight-pointed quilled snowflake in deep blue and gold, built from layered teardrop loops, tight spirals and starburst points. Surrounded by a scattering of blue glitter dots on a clean white card. Topped with a printed ""Merry Christmas"" greeting. Comes with a coordinating envelope.",high
484373126_646990324972703_2526366504876315825_n.jpg,P094,main,cards,"seasonal,patterns",Merry Christmas — Pink & Coral Snowflake Card,"A handmade A6 Christmas card featuring an elaborate quilled snowflake in deep pink and copper-coral tones, built from layered teardrop petals, rolled spirals and slender star points. Set on a clean white card. Topped with a printed ""Merry Christmas"" greeting. Comes with a coordinating envelope.",high
484381698_646990308306038_1320093581601133998_n.jpg,P095,main,cards,"seasonal,patterns",Merry Christmas — Purple & Gold Snowflake Card,"A handmade A6 Christmas card featuring a quilled snowflake in soft mauve and gold tones, built from a central four-petal flourish surrounded by rolled spiral coils and slender star points. Set on a clean white card. Topped with a printed ""Merry Christmas"" greeting. Comes with a coordinating envelope.",high
484378183_649715521366850_206929500247585023_n.jpg,P096,main,canvas,"flowers,insects",Mini Garden Canvas (Extended Variant),"A whimsical quilled garden scene with eight tightly-rolled flower blossoms in rainbow colours (green spiral, purple, pink heart-flower, mustard, red spiral, red poppies, pink, green spiral) on slender green stems, joined by a small yellow butterfly. Surrounded by curving green grass blades and mounted on a miniature stretched canvas. A more populated companion variant to P055 (Mini Rainbow Garden Canvas) in the mini-canvas series.",medium
484456256_647677924903943_1623096002576069622_n.jpg,P097,main,cards,patterns,"""You Won My Heart"" Tic-Tac-Toe Card","A handmade card featuring a playful tic-tac-toe grid where three red quilled hearts (two large, one small) form a winning row diagonally across the board against three printed black X's. Captioned ""You won my heart"" in hand-lettered script below. A clever, witty alternative to the classic Valentine's card.",high
484485516_649280644743671_7309139057897322804_n.jpg,P098,?drop,framed,nautical,,"Composite shot showing Dolphin (P099), Whale (probably P032), and Seahorse (P100) side by side in matching rope-edged frames. Decide keep/drop/repurpose.",medium
484899967_649280684743667_6090079963114472099_n.jpg,P099,main,framed,nautical,Framed Quilled Dolphin,"A cheerful quilled dolphin leaping upward, rendered in soft blues, teals and silver-greys with elegant scrollwork detail across the body and tail. Three small splash droplets float to the right. Mounted in a rope-edged white shadow-box frame. Part of the nautical series alongside P030 (Sailboat), P031 (Lighthouse), P032 (Whale) and P100 (Seahorse).",high
484870290_649280621410340_7376652219465383036_n.jpg,P100,main,framed,nautical,Framed Quilled Seahorse,"A graceful quilled seahorse with intricate scrollwork body — layered blues and teals with green eye highlights — accompanied by three teal bubble dots in the upper-left corner and a pair of slender green seaweed fronds at the base. Mounted in a rope-edged white shadow-box frame. Part of the nautical series alongside P030 (Sailboat), P031 (Lighthouse), P032 (Whale) and P099 (Dolphin).",high
484507732_649715524700183_6209721679180501958_n.jpg,P101,main,canvas,animals,Mini Lovebirds Canvas,"A pair of quilled lovebirds — one buttery yellow on the left, one hot pink on the right — leaning toward each other with eyes closed and tiny red beaks almost touching, with a small two-tone heart floating between their heads. Each bird is built from elegant teardrop loops and rolled spirals. Mounted on a miniature stretched canvas. Part of the mini-canvas series.",high
486974548_657951560543246_8606516411865856653_n.jpg,P102,main,framed,"names,animals,pets",Personalised Pet & Initial Frame (Sample: P + Black Labrador),"A made-to-order personalised piece featuring a quilled monogram letter — built from layered pink and charcoal spirals with floral and heart accents — paired with a dimensional silhouette of the customer's pet in dark felt. The example shown features the letter ""P"" beside a black labrador silhouette with a pink collar. Mounted in a light oak shadow-box frame. Available with any initial, palette and pet silhouette.",high
484550619_650533354618400_3547513780228985149_n.jpg,P103-04,?drop,framed,"animals,nursery",,Composite shot showing Giraffe-with-Balloons (P103) and Lion-with-Balloons (P104) — two new pieces extending the nursery-animals-with-balloons series (P042-P046). Standalone main shots not yet supplied; create separate P103/P104 clusters when individual photos are available.,medium
484495662_646990188306050_8671798635593339420_n.jpg,P107,main,cards,"seasonal,animals",Merry Christmas — Rudolph Reindeer Card,"A handmade A6 Christmas card featuring a quilled cartoon reindeer — round brown spiral face, gold filigree antlers, dark brown ears with cream centres, googly eyes, and a bright red nose. Topped with a printed ""Merry Christmas"" greeting. A cheerful, whimsical card. Comes with a coordinating envelope.",high
484619691_650533377951731_8600041601585276851_n.jpg,P108,main,framed,names,"Personalised Filled Initial Frame (Sample: Blue ""L"")","A made-to-order personalised initial piece featuring a single tall block letter cut as an outline and filled with rolled-paper quilling in the customer's chosen palette — the example shown is a serif ""L"" filled with swirling blue, navy and pale lilac spirals with small floral accents. Mounted in a white square shadow-box frame. Single-initial sibling to the multi-letter Lucian style (P077); structurally distinct from P038 which sets a white letter against a quilled background.",high
484569313_647678128237256_2576263516030327688_n.jpg,P109,main,cards,"trees,patterns",Happy Valentine's Day — Tree of Hearts Card,"A handmade square card featuring a delicate printed tree silhouette in charcoal with visible roots, its bare branches scattered with twelve dimensional quilled hearts in shades of pink, rose and deep red, alongside smaller printed pink hearts. Captioned ""Happy Valentine's Day"" beneath. Comes with a coordinating envelope.",high
484616538_649715128033556_1743385845949004546_n.jpg,P110,main,canvas,birds,Mini Owl Canvas,"A wide-eyed cartoon owl with dimensional brown and cream wavy-quilled body, large round eyes with black pupils, an orange beak, and curling spiral wing accents, perched on a small olive-coloured branch. Mounted on a miniature stretched canvas. Part of the mini-canvas series.",high
484827921_650533487951720_1044255905610916488_n.jpg,P111,main,framed,patterns,Quilled Yin-Yang,"A classical yin-yang symbol rendered in dimensional quilling — one half built from black filigree spirals with a small lilac dot at its centre, the other from pale lilac and cream coils with a small black dot — meeting in flowing wave-like halves. Mounted in a deep black square shadow-box frame with a generous white mat. A calming, meditation-themed piece.",high
484872146_650533404618395_4426070212910494724_n.jpg,P112,main,canvas,patterns,Mini Yin-Yang Canvas,"A miniature version of the yin-yang motif — black filigree on one side, pale-lilac filigree on the other, meeting in flowing waves with tiny contrast dots in each half. Mounted on a miniature stretched canvas displayed on its own little wooden easel. Part of the mini-canvas series; companion to the larger framed P111.",high
485168103_649715498033519_552029005975925284_n.jpg,P113,main,canvas,patterns,Mini Toadstool Canvas,"A pair of classic red-and-white-spotted toadstools (one large, one small) with cream stems, growing out of a tuft of dimensional green grass blades. Each cap is densely quilled with red on-edge paper banding and white spot accents. Mounted on a miniature stretched canvas. Part of the mini-canvas series.",high
484322492_649715181366884_923047764872402756_n.jpg,P114,?drop,canvas,patterns,,"Composite shot showing six mini-canvas pieces displayed together on wooden easels: P055 garden, P067 ladybugs, P091 clover, P101 lovebirds, P110 owl and P113 toadstools. Strong sub-collection candidate. Decide keep as series-hero / drop / repurpose.",medium
484798836_650533081285094_7942649077304503494_n.jpg,P115,main,framed,insects,Quilled Blue Butterfly,"A single large dimensional quilled butterfly with vivid azure-and-black wings, intricate spiral filigree across the wing surface, white accent dots scattered through both wings, and a heavy black body with curling antennae. Mounted in a clean white square shadow-box frame. A standalone framed butterfly distinct from the mini-canvas butterfly (P054) and the butterfly that appears in P051.",high
484868990_650533107951758_2795390186183169073_n.jpg,P116,main,framed,patterns,Quilled Ballerina,"A black silhouette ballerina mid-pose with arms raised and one leg extended, her tutu rendered in dimensional quilled fans of pink, coral and peach spirals tied together at the waist with a small pink bow. Mounted in a clean white shadow-box frame. A graceful, feminine piece suitable for a girl's room or dance studio.",high
485150324_650533267951742_6612874300739082100_n.jpg,P117,main,framed,patterns,Rainbow Hearts in a Heart,"A heart-shaped composition built entirely from small dimensional quilled hearts — graduating from red at the top through orange, yellow, green, blue and purple at the point — packed densely so that the small hearts collectively form the larger heart silhouette. Mounted in a clean white square shadow-box frame. Closely related to P016 (rainbow heart of rolled coils); decide at consolidation whether to merge as a design variant.",medium
485068828_653484640989938_1230977338772263945_n.jpg,P118,main,framed,"birds,australiana",Rainbow Lorikeet,"A dimensional framed quilling of an Australian rainbow lorikeet perched on a brown branch — deep blue head with filigree spirals, lime-green chin band, vibrant green wings and tail, a wavy red-and-orange chest, and a bright red beak. Mounted in a light oak shadow-box frame. Part of the Australian birds series.",high
485316041_653484757656593_8978758162155811748_n.jpg,P118,angle,framed,"birds,australiana",,,high
485385080_653484614323274_679212229378572419_n.jpg,P118,angle,framed,"birds,australiana",,,high
485804437_653481630990239_5414777586573804465_n.jpg,P119,main,framed,"birds,australiana",Australian Magpie,"A dimensional framed quilling of an Australian magpie perched on a brown branch with green leaves — black body with white nape and back patches built from rolled spiral coils, a heavy silver-tipped black beak, and a single bright red eye. Mounted in a light oak shadow-box frame. Part of the Australian birds series.",high
485361813_653481984323537_8257925021943120970_n.jpg,P119,angle,framed,"birds,australiana",,,high
486080995_653481990990203_5690441293893849911_n.jpg,P119,angle,framed,"birds,australiana",,,high
485399598_653490437656025_3804372533199230860_n.jpg,P120,main,framed,"insects,australiana",Sugarbag Bee (Tetragonula carbonaria),"A scientifically-styled framed quilled rendering of the Australian native stingless Sugarbag Bee (Tetragonula carbonaria), featuring a glossy black body with silver-thread filigree thorax detail, lacy translucent layered wings with intricate vein patterns, and the species name printed beneath the specimen on a clean white card. Mounted in a deep white shadow-box frame. Part of the native bees series alongside P014 (Blue Banded) and P121 (Domino Cuckoo); also available as a triptych (P122).",high
485610445_653490184322717_2124140483103307882_n.jpg,P121,main,framed,"insects,australiana",Domino Cuckoo Bee (Thyreus lugubris),"A scientifically-styled framed quilled rendering of the Australian native Domino Cuckoo Bee (Thyreus lugubris), featuring a striking black body covered in distinct white spot accents, fine quilled-filigree segmentation, slender outlined wings, and the species name printed beneath the specimen on a clean white card. Mounted in a deep white shadow-box frame. Part of the native bees series alongside P014 (Blue Banded) and P120 (Sugarbag); also available as a triptych (P122).",high
485761820_653490247656044_8726478023278922110_n.jpg,P122,main,framed,"insects,australiana",Native Australian Bees Triptych,"A wide triptych shadow-box frame in light oak presenting three native Australian bee quillings side by side, each with its printed scientific-name label: Sugarbag Bee (Tetragonula carbonaria), Blue Banded Bee (Amegilla cingulata), and Domino Cuckoo Bee (Thyreus lugubris). The individual pieces (P120, P014, P121) are also available separately.",high
485778133_653490384322697_7578330052200725395_n.jpg,P122,angle,framed,"insects,australiana",,,high
485802060_653493780989024_3202007282714389845_n.jpg,P122,angle,framed,"insects,australiana",,,high
485887154_653490590989343_2230701145349086559_n.jpg,P122,angle,framed,"insects,australiana",,,high
485795595_653482424323493_4450336370798223276_n.jpg,P123,main,framed,"birds,australiana",Willie Wagtail,"A dimensional framed quilling of an Australian willie wagtail perched on a brown branch with green leaves — black body with a white belly and chin, the characteristic broad fanned black tail held high, and small bright spiral-detailed eye. Mounted in a light oak shadow-box frame. Part of the Australian birds series.",high
485802131_653482327656836_8762412968958723266_n.jpg,P123,angle,framed,"birds,australiana",,,high
485803727_653482490990153_6485977594230614578_n.jpg,P123,angle,framed,"birds,australiana",,,high
486303530_655765780761824_5755234616581680969_n.jpg,P124,main,framed,insects,European Honey Bee (Apis mellifera),"A scientifically-styled framed quilled rendering of the European Honey Bee (Apis mellifera), featuring a yellow-and-black banded abdomen with metallic gold thread detail, a glossy black thorax with gold filigree, layered cream-paper wings with intricate spiral vein patterns, and the species name printed beneath the specimen on a clean white card. Available in white-frame and black-frame options. Companion piece to the native bees series (P014, P120, P121, P122) covering the introduced honey bee.",high
486168243_655766090761793_6232241331955909275_n.jpg,P124,angle,framed,insects,,"White frame, perspective.",high
486410595_655765767428492_7343487282982601735_n.jpg,P124,angle,framed,insects,,"White frame, perspective.",high
486665476_660334746971594_5536778517452393506_n.jpg,P124,angle,framed,insects,,"Black frame option, front.",high
486332607_660334736971595_8655259805485486405_n.jpg,P124,angle,framed,insects,,"Black frame option, perspective.",high
487103964_660334733638262_5906424620503550190_n.jpg,P124,angle,framed,insects,,"Black frame option, perspective.",high
486833816_658920813779654_4982246455739224135_n.jpg,P125,main,framed,nautical,Mini Quilled Jellyfish,"A small framed quilling of a serene blue jellyfish — three rounded peaked-dome bell segments with deep navy spiral detail, long flowing teal and pale-mint tentacles trailing below, and a halo of small blue and green bubble dots surrounding the body. Mounted in a clean white standard shadow-box frame. Part of the mini sea-creatures sub-series alongside P126 (Seahorse) and P127 (Two Fish) — often sold as a coordinated trio.",high
486854599_658921197112949_2571326356350055813_n.jpg,P126,main,framed,nautical,Mini Quilled Seahorse (Cute Style),"A small framed quilling of a stylised blue seahorse with playful exterior spines, pale-mint and lime spiral filigree across the body, slender curling tail and dorsal-fin accents, with three small blue and mint bubble dots floating above. Mounted in a clean white standard shadow-box frame. Smaller, more cartoony companion to the larger nautical-series seahorse (P100); part of the mini sea-creatures sub-series alongside P125 (Jellyfish) and P127 (Two Fish).",high
486933224_658920950446307_3019894148639962522_n.jpg,P127,main,framed,nautical,Mini Quilled Two Fish,"A small framed quilling of two cheerful round fish swimming downward — each with a blue ring body packed with concentric blue and teal coil scales, a black eye dot, and pale-mint quilled tail fins — accompanied by a trail of small blue bubble dots and a pair of dimensional green seaweed fronds at the base. Mounted in a clean white standard shadow-box frame. Part of the mini sea-creatures sub-series alongside P125 (Jellyfish) and P126 (Seahorse).",high
487121883_658920933779642_1556043817033017630_n.jpg,P128,?drop,framed,nautical,,"Composite shot showing the mini sea-creatures trio together (P126 Seahorse, P127 Two Fish, P125 Jellyfish in matching small white frames). Strong sub-collection candidate, often sold as a coordinated trio. Decide keep as series-hero / drop / repurpose.",medium
487063735_660340786970990_311680563859795623_n.jpg,P129,main,framed,nautical,Framed Quilled Angelfish,"A graceful quilled angelfish with intricate scrollwork body — layered blues, teals and silver-greys with dimensional spirals across the fins and body — accompanied by a small school of teal bubble dots to the right. Mounted in a rope-edged white shadow-box frame. Part of the nautical series alongside P030 (Sailboat), P031 (Lighthouse), P032 (Whale), P099 (Dolphin), P100 (Seahorse) and P130 (Stingray).",high
487159876_660340790304323_5501895035862963750_n.jpg,P130,main,framed,nautical,Framed Quilled Stingray,"A serene quilled stingray with a soft blue body patterned with dark blue dashes, dots and central swirl detail, a long curling tail, and a pair of slender green seaweed fronds at the base. Mounted in a rope-edged white shadow-box frame. Part of the nautical series alongside P030, P031, P032, P099, P100 and P129.",high
484829006_653490264322709_2425782182322148078_n.jpg,P014,angle,framed,"insects,australiana",,,high
486527252_660328450305557_6262832707710876260_n.jpg,P014,angle,framed,"insects,australiana",,,high
486463406_660336733638062_7638317541889711938_n.jpg,P015,angle,framed,animals,,,high
486976809_660336676971401_6837080951859017040_n.jpg,P015,angle,framed,animals,,,high
486668962_659829453688790_1289730154148206314_n.jpg,P016,angle,framed,patterns,,,high
487116543_659829327022136_2104326247040335258_n.jpg,P016,angle,framed,patterns,,,high
487150399_659829460355456_8814835749185306273_n.jpg,P016,angle,framed,patterns,,,high
484530608_650522607952808_3025376456162316866_n.jpg,P029,angle,framed,trees,,,high
485359375_650522984619437_1930918930421414252_n.jpg,P029,angle,framed,trees,,,high
484627348_649280624743673_8403912179459255409_n.jpg,P032,angle,framed,nautical,,"Three water spouts on this example; P032 main description says ""twin curls"". Confirm whether this is the same artwork photographed differently or a separate whale design variant before this row goes live.",low
484493051_650533174618418_8502941223849276976_n.jpg,P038,angle,framed,"names,flowers",,"Yellow/orange palette variant — letter ""A"". Confirms paletteVariants pattern for P038.",high
484626822_650533101285092_1293473613664936306_n.jpg,P038,angle,framed,"names,flowers",,"Pink palette — letter ""I"" example. Front-on view.",high
484481680_650533457951723_4265634870431920111_n.jpg,P042-44,?drop,framed,"animals,nursery",,"Third trio composite — P042 elephant, P044 panda, P043 monkey side by side in matching white frames. Decide keep one composite or drop all per STATE.md pending-decisions.",medium
484717886_650533554618380_3682996376523933271_n.jpg,P051,angle,framed,"insects,patterns",,,high
484038056_644874115184324_8295386386423146413_n.jpg,P061,angle,framed,"animals,nursery",,,high
484486472_650533177951751_8893213431592019415_n.jpg,P061,angle,framed,"animals,nursery",,,high
484244271_645344825137253_3899159286100650816_n.jpg,P062,angle,framed,patterns,,Close-up of the H and O letters showing the cream/charcoal/brown filigree detail.,high
484041994_647273494944386_8283150856026978463_n.jpg,P066,angle,framed,"animals,patterns,pets",,,high
484302847_647273498277719_5759964376700630652_n.jpg,P066,angle,framed,"animals,patterns,pets",,,high
484457755_649715104700225_7546675006128592008_n.jpg,P067,angle,canvas,insects,,,high
484134700_645706638434405_4809746256226493023_n.jpg,P069,angle,homewares,"seasonal,patterns",,"White/silver palette variant — quilled snowflake in white-and-pale-lilac tones with silver glitter at the base, versus the main pink/mauve example. Formalise as paletteVariants at consolidation.",high
